# TOP-LEVEL REDIRECTS ----------------------------------------------------------

# Redirect default Netlify subdomain to primary domain
http://chriskrycho.netlify.com/* http://www.chriskrycho.com/:splat 301!

# These are configured as `307` so that they can be updated to point to future
# versions of the site.
/ https://v4.chriskrycho.com 307
/feed.xml https://v4.chriskrycho.com/feed.xml 307
/404.html https://v4.chriskrycho.com/404.html 307

# v4 REDIRECTS -----------------------------------------------------------------

# 2014 -- 2019 is consistently redirectable, because there will never be a URL
# at `www.chriskrycho.com/2019/*` going forward: it will be at `v4...` instead.
# I'm explicitly using `301` here for the sake of any way I reuse this in the
# future (e.g. if I were to migrate away from Netlify, I'd want this to be able
# to be consistently transformed by whatever script I write).
/2014/* https://v4.chriskrycho.com/2014/:splat 301
/2015/* https://v4.chriskrycho.com/2015/:splat 301
/2016/* https://v4.chriskrycho.com/2016/:splat 301
/2017/* https://v4.chriskrycho.com/2017/:splat 301
/2018/* https://v4.chriskrycho.com/2018/:splat 301
/2019/* https://v4.chriskrycho.com/2019/:splat 301

# Other container directories can similarly be standard 301 redirects.
/assets/* https://v4.chriskrycho.com/assets/:splat 301
/feeds/* https://v4.chriskrycho.com/feeds/:splat 301
/downloads/* https://v4.chriskrycho.com/downloads/:splat 301
/talks/* https://v4.chriskrycho.com/talks/:splat 301

# Pages can be redirected safely as well, for the same reason. This covers
# *everything* else on the site: pages, category and tag archives, assets, and
# legacy feeds.
/about.html https://v4.chriskrycho.com/about.html 301
/about.txt https://v4.chriskrycho.com/about.txt 301
/adulthood/index.html https://v4.chriskrycho.com/adulthood/index.html 301
/advent/index.html https://v4.chriskrycho.com/advent/index.html 301
/agile/index.html https://v4.chriskrycho.com/agile/index.html 301
/ai/index.html https://v4.chriskrycho.com/ai/index.html 301
/alan-jacobs/index.html https://v4.chriskrycho.com/alan-jacobs/index.html 301
/algorithism/index.html https://v4.chriskrycho.com/algorithism/index.html 301
/angularjs/index.html https://v4.chriskrycho.com/angularjs/index.html 301
/app-reviews/index.html https://v4.chriskrycho.com/app-reviews/index.html 301
/apps/index.html https://v4.chriskrycho.com/apps/index.html 301
/archives.html https://v4.chriskrycho.com/archives.html 301
/art/index.html https://v4.chriskrycho.com/art/index.html 301
/attention/index.html https://v4.chriskrycho.com/attention/index.html 301
/audio/index.html https://v4.chriskrycho.com/audio/index.html 301
/automation/index.html https://v4.chriskrycho.com/automation/index.html 301
/bib/chicago.csl https://v4.chriskrycho.com/bib/chicago.csl 301
/bib/phi7650.yaml https://v4.chriskrycho.com/bib/phi7650.yaml 301
/bib/the7621.yaml https://v4.chriskrycho.com/bib/the7621.yaml 301
/blog/index.html https://v4.chriskrycho.com/blog/index.html 301
/blogging/index.html https://v4.chriskrycho.com/blogging/index.html 301
/book-reviews/index.html https://v4.chriskrycho.com/book-reviews/index.html 301
/books/index.html https://v4.chriskrycho.com/books/index.html 301
/buddhism/index.html https://v4.chriskrycho.com/buddhism/index.html 301
/burnout/index.html https://v4.chriskrycho.com/burnout/index.html 301
/business/index.html https://v4.chriskrycho.com/business/index.html 301
/c/index.html https://v4.chriskrycho.com/c/index.html 301
/cache/ArticlesGenerator-Readers https://v4.chriskrycho.com/cache/ArticlesGenerator-Readers 301
/cache/PagesGenerator-Readers https://v4.chriskrycho.com/cache/PagesGenerator-Readers 301
/career/index.html https://v4.chriskrycho.com/career/index.html 301
/categories.html https://v4.chriskrycho.com/categories.html 301
/chat/index.html https://v4.chriskrycho.com/chat/index.html 301
/christianity/index.html https://v4.chriskrycho.com/christianity/index.html 301
/christology/index.html https://v4.chriskrycho.com/christology/index.html 301
/church/index.html https://v4.chriskrycho.com/church/index.html 301
/classwork/index.html https://v4.chriskrycho.com/classwork/index.html 301
/coffee/index.html https://v4.chriskrycho.com/coffee/index.html 301
/community/index.html https://v4.chriskrycho.com/community/index.html 301
/composed-music/index.html https://v4.chriskrycho.com/composed-music/index.html 301
/confucianism/index.html https://v4.chriskrycho.com/confucianism/index.html 301
/content/.DS_Store https://v4.chriskrycho.com/content/.DS_Store 301
/corporatism/index.html https://v4.chriskrycho.com/corporatism/index.html 301
/cplusplus/index.html https://v4.chriskrycho.com/cplusplus/index.html 301
/crowdfunding/index.html https://v4.chriskrycho.com/crowdfunding/index.html 301
/csharp/index.html https://v4.chriskrycho.com/csharp/index.html 301
/culture/index.html https://v4.chriskrycho.com/culture/index.html 301
/depression/index.html https://v4.chriskrycho.com/depression/index.html 301
/design/index.html https://v4.chriskrycho.com/design/index.html 301
/devotions/index.html https://v4.chriskrycho.com/devotions/index.html 301
/domain-driven-design/index.html https://v4.chriskrycho.com/domain-driven-design/index.html 301
/ellie/index.html https://v4.chriskrycho.com/ellie/index.html 301
/elm/index.html https://v4.chriskrycho.com/elm/index.html 301
/email/index.html https://v4.chriskrycho.com/email/index.html 301
/ember-cli-typescript/index.html https://v4.chriskrycho.com/ember-cli-typescript/index.html 301
/emberjs/index.html https://v4.chriskrycho.com/emberjs/index.html 301
/emberjs2018/index.html https://v4.chriskrycho.com/emberjs2018/index.html 301
/emberjs2019/index.html https://v4.chriskrycho.com/emberjs2019/index.html 301
/embodiment/index.html https://v4.chriskrycho.com/embodiment/index.html 301
/ethics/index.html https://v4.chriskrycho.com/ethics/index.html 301
/evangelicalism/index.html https://v4.chriskrycho.com/evangelicalism/index.html 301
/exercise/index.html https://v4.chriskrycho.com/exercise/index.html 301
/exploring-four-languages.html https://v4.chriskrycho.com/exploring-four-languages.html 301
/exploring-four-languages.txt https://v4.chriskrycho.com/exploring-four-languages.txt 301
/extra/ycombinator.js https://v4.chriskrycho.com/extra/ycombinator.js 301
/f-sharp/index.html https://v4.chriskrycho.com/f-sharp/index.html 301
/family/index.html https://v4.chriskrycho.com/family/index.html 301
/fbc-durham/index.html https://v4.chriskrycho.com/fbc-durham/index.html 301
/fiction/index.html https://v4.chriskrycho.com/fiction/index.html 301
/film/index.html https://v4.chriskrycho.com/film/index.html 301
/finances/index.html https://v4.chriskrycho.com/finances/index.html 301
/fitness/index.html https://v4.chriskrycho.com/fitness/index.html 301
/flow/index.html https://v4.chriskrycho.com/flow/index.html 301
/four-languages/index.html https://v4.chriskrycho.com/four-languages/index.html 301
/free-software/index.html https://v4.chriskrycho.com/free-software/index.html 301
/friendship/index.html https://v4.chriskrycho.com/friendship/index.html 301
/from-my-outbox/index.html https://v4.chriskrycho.com/from-my-outbox/index.html 301
/from-my-sent-folder/index.html https://v4.chriskrycho.com/from-my-sent-folder/index.html 301
/fsharp/index.html https://v4.chriskrycho.com/fsharp/index.html 301
/functional-programming/index.html https://v4.chriskrycho.com/functional-programming/index.html 301
/getting-things-done/index.html https://v4.chriskrycho.com/getting-things-done/index.html 301
/git/index.html https://v4.chriskrycho.com/git/index.html 301
/habit/index.html https://v4.chriskrycho.com/habit/index.html 301
/hardware/index.html https://v4.chriskrycho.com/hardware/index.html 301
/haskell/index.html https://v4.chriskrycho.com/haskell/index.html 301
/health/index.html https://v4.chriskrycho.com/health/index.html 301
/heresy/index.html https://v4.chriskrycho.com/heresy/index.html 301
/history/index.html https://v4.chriskrycho.com/history/index.html 301
/inbox-zero/index.html https://v4.chriskrycho.com/inbox-zero/index.html 301
/index.html https://v4.chriskrycho.com/index.html 301
/indie-web/index.html https://v4.chriskrycho.com/indie-web/index.html 301
/ios/index.html https://v4.chriskrycho.com/ios/index.html 301
/jaimie/index.html https://v4.chriskrycho.com/jaimie/index.html 301
/javascript/index.html https://v4.chriskrycho.com/javascript/index.html 301
/joy/index.html https://v4.chriskrycho.com/joy/index.html 301
/kate/index.html https://v4.chriskrycho.com/kate/index.html 301
/leadership/index.html https://v4.chriskrycho.com/leadership/index.html 301
/learning/index.html https://v4.chriskrycho.com/learning/index.html 301
/libraries/index.html https://v4.chriskrycho.com/libraries/index.html 301
/life-hacks/index.html https://v4.chriskrycho.com/life-hacks/index.html 301
/links/index.html https://v4.chriskrycho.com/links/index.html 301
/listicles/index.html https://v4.chriskrycho.com/listicles/index.html 301
/literature/index.html https://v4.chriskrycho.com/literature/index.html 301
/m-div/index.html https://v4.chriskrycho.com/m-div/index.html 301
/macos/index.html https://v4.chriskrycho.com/macos/index.html 301
/mars/index.html https://v4.chriskrycho.com/mars/index.html 301
/mdiv/index.html https://v4.chriskrycho.com/mdiv/index.html 301
/medium/index.html https://v4.chriskrycho.com/medium/index.html 301
/memory/index.html https://v4.chriskrycho.com/memory/index.html 301
/mental-health/index.html https://v4.chriskrycho.com/mental-health/index.html 301
/mental-illness/index.html https://v4.chriskrycho.com/mental-illness/index.html 301
/monads/index.html https://v4.chriskrycho.com/monads/index.html 301
/music/index.html https://v4.chriskrycho.com/music/index.html 301
/my-writing-elsewhere/index.html https://v4.chriskrycho.com/my-writing-elsewhere/index.html 301
/new-rustacean/index.html https://v4.chriskrycho.com/new-rustacean/index.html 301
/note-taking/index.html https://v4.chriskrycho.com/note-taking/index.html 301
/notes/index.html https://v4.chriskrycho.com/notes/index.html 301
/now.html https://v4.chriskrycho.com/now.html 301
/now.txt https://v4.chriskrycho.com/now.txt 301
/open-source-software/index.html https://v4.chriskrycho.com/open-source-software/index.html 301
/open-web/index.html https://v4.chriskrycho.com/open-web/index.html 301
/papers/index.html https://v4.chriskrycho.com/papers/index.html 301
/patristics/index.html https://v4.chriskrycho.com/patristics/index.html 301
/patronage/index.html https://v4.chriskrycho.com/patronage/index.html 301
/pedagogy/index.html https://v4.chriskrycho.com/pedagogy/index.html 301
/philosophy/index.html https://v4.chriskrycho.com/philosophy/index.html 301
/pinboard/index.html https://v4.chriskrycho.com/pinboard/index.html 301
/podcasting/index.html https://v4.chriskrycho.com/podcasting/index.html 301
/podcasts.html https://v4.chriskrycho.com/podcasts.html 301
/podcasts.txt https://v4.chriskrycho.com/podcasts.txt 301
/poetry/index.html https://v4.chriskrycho.com/poetry/index.html 301
/politics/index.html https://v4.chriskrycho.com/politics/index.html 301
/pomodoro/index.html https://v4.chriskrycho.com/pomodoro/index.html 301
/prayer/index.html https://v4.chriskrycho.com/prayer/index.html 301
/prayers/index.html https://v4.chriskrycho.com/prayers/index.html 301
/productivity/index.html https://v4.chriskrycho.com/productivity/index.html 301
/programming-languages/index.html https://v4.chriskrycho.com/programming-languages/index.html 301
/psalms/index.html https://v4.chriskrycho.com/psalms/index.html 301
/publishing/index.html https://v4.chriskrycho.com/publishing/index.html 301
/python/index.html https://v4.chriskrycho.com/python/index.html 301
/quotes/index.html https://v4.chriskrycho.com/quotes/index.html 301
/racism/index.html https://v4.chriskrycho.com/racism/index.html 301
/react/index.html https://v4.chriskrycho.com/react/index.html 301
/reading/index.html https://v4.chriskrycho.com/reading/index.html 301
/reasonml/index.html https://v4.chriskrycho.com/reasonml/index.html 301
/remote-work/index.html https://v4.chriskrycho.com/remote-work/index.html 301
/research/index.html https://v4.chriskrycho.com/research/index.html 301
/ressourcement/index.html https://v4.chriskrycho.com/ressourcement/index.html 301
/rest/index.html https://v4.chriskrycho.com/rest/index.html 301
/robots.txt https://v4.chriskrycho.com/robots.txt 301
/rss/index.html https://v4.chriskrycho.com/rss/index.html 301
/ruby/index.html https://v4.chriskrycho.com/ruby/index.html 301
/running/index.html https://v4.chriskrycho.com/running/index.html 301
/rust-and-swift.html https://v4.chriskrycho.com/rust-and-swift.html 301
/rust-and-swift.txt https://v4.chriskrycho.com/rust-and-swift.txt 301
/rust-and-swift/index.html https://v4.chriskrycho.com/rust-and-swift/index.html 301
/rust/index.html https://v4.chriskrycho.com/rust/index.html 301
/science-fiction/index.html https://v4.chriskrycho.com/science-fiction/index.html 301
/science/index.html https://v4.chriskrycho.com/science/index.html 301
/sebts/index.html https://v4.chriskrycho.com/sebts/index.html 301
/series.html https://v4.chriskrycho.com/series.html 301
/series.txt https://v4.chriskrycho.com/series.txt 301
/sermons.xml https://v4.chriskrycho.com/sermons.xml 301
/sermons/index.html https://v4.chriskrycho.com/sermons/index.html 301
/sexism/index.html https://v4.chriskrycho.com/sexism/index.html 301
/shannon-vallor/index.html https://v4.chriskrycho.com/shannon-vallor/index.html 301
/slack/index.html https://v4.chriskrycho.com/slack/index.html 301
/social-media/index.html https://v4.chriskrycho.com/social-media/index.html 301
/software-development/index.html https://v4.chriskrycho.com/software-development/index.html 301
/software/index.html https://v4.chriskrycho.com/software/index.html 301
/speaking/index.html https://v4.chriskrycho.com/speaking/index.html 301
/star-wars/index.html https://v4.chriskrycho.com/star-wars/index.html 301
/static-site-generators/index.html https://v4.chriskrycho.com/static-site-generators/index.html 301
/swift/index.html https://v4.chriskrycho.com/swift/index.html 301
/sysadmin/index.html https://v4.chriskrycho.com/sysadmin/index.html 301
/tags.html https://v4.chriskrycho.com/tags.html 301
/tech/index.html https://v4.chriskrycho.com/tech/index.html 301
/technical-costs/index.html https://v4.chriskrycho.com/technical-costs/index.html 301
/technology/index.html https://v4.chriskrycho.com/technology/index.html 301
/testing/index.html https://v4.chriskrycho.com/testing/index.html 301
/the-internet/index.html https://v4.chriskrycho.com/the-internet/index.html 301
/theology/index.html https://v4.chriskrycho.com/theology/index.html 301
/thinking/index.html https://v4.chriskrycho.com/thinking/index.html 301
/tolkien/index.html https://v4.chriskrycho.com/tolkien/index.html 301
/tools/index.html https://v4.chriskrycho.com/tools/index.html 301
/travel/index.html https://v4.chriskrycho.com/travel/index.html 301
/true-myth/index.html https://v4.chriskrycho.com/true-myth/index.html 301
/tweetstorm/index.html https://v4.chriskrycho.com/tweetstorm/index.html 301
/tweetstorms/index.html https://v4.chriskrycho.com/tweetstorms/index.html 301
/twitter/index.html https://v4.chriskrycho.com/twitter/index.html 301
/types/index.html https://v4.chriskrycho.com/types/index.html 301
/typescript/index.html https://v4.chriskrycho.com/typescript/index.html 301
/typing-your-ember.html https://v4.chriskrycho.com/typing-your-ember.html 301
/typing-your-ember.txt https://v4.chriskrycho.com/typing-your-ember.txt 301
/typing-your-ember/index.html https://v4.chriskrycho.com/typing-your-ember/index.html 301
/typography/index.html https://v4.chriskrycho.com/typography/index.html 301
/ui/index.html https://v4.chriskrycho.com/ui/index.html 301
/versioning/index.html https://v4.chriskrycho.com/versioning/index.html 301
/virtue-ethics/index.html https://v4.chriskrycho.com/virtue-ethics/index.html 301
/vocation/index.html https://v4.chriskrycho.com/vocation/index.html 301
/web-design/index.html https://v4.chriskrycho.com/web-design/index.html 301
/web-development/index.html https://v4.chriskrycho.com/web-development/index.html 301
/windows/index.html https://v4.chriskrycho.com/windows/index.html 301
/wisdom/index.html https://v4.chriskrycho.com/wisdom/index.html 301
/work.html https://v4.chriskrycho.com/work.html 301
/work.txt https://v4.chriskrycho.com/work.txt 301
/work/index.html https://v4.chriskrycho.com/work/index.html 301
/workflow/index.html https://v4.chriskrycho.com/workflow/index.html 301
/writing/index.html https://v4.chriskrycho.com/writing/index.html 301
/zettelkasten/index.html https://v4.chriskrycho.com/zettelkasten/index.html 301